Make,Category
Audi,SUV
Chevrolet,Sedan
Cadillac,SUV
Chevrolet,Coupe
Chevrolet, Convertible
Acura,Sedan
Chevrolet,Pickup
BMW,Sedan
Chrysler,Van
Chrysler,Minivan
BMW,SUV
Ford,Sedan
Buick,SUV
Audi,Coupe
Audi, Convertible
Chevrolet,SUV
Acura,SUV
INFINITI,SUV
GMC,Pickup
Honda,Sedan
Hyundai,SUV
Ford,SUV
Ford,Coupe
Ford, Convertible
Hyundai,Sedan
Chevrolet,Convertible
Jeep,Pickup
Cadillac,Sedan
Audi,Sedan
Audi, Coupe
Ford,Pickup
Honda,Hatchback
Honda, Sedan
Jeep,SUV
GMC,SUV
Chevrolet,Hatchback
Hyundai,Coupe
Genesis,Sedan
Honda,Van
Honda,Minivan
Hyundai,Hatchback
Dodge,SUV
Honda,Pickup
Honda,SUV
Dodge,Sedan
INFINITI,Coupe
Jaguar,SUV
INFINITI,Sedan
Jaguar,Convertible
Kia,SUV
Kia,Sedan
Kia, Hatchback
Land Rover,SUV
Kia,Van
Kia,Minivan
Kia,Wagon
Lexus,Sedan
Lexus,Coupe
Lexus,SUV
Mercedes-Benz,SUV
Mercedes-Benz,Sedan
Mitsubishi,SUV
Lincoln,Sedan
Lincoln,SUV
MAZDA,SUV
MAZDA,Sedan
MAZDA, Hatchback
Mitsubishi,Sedan
Nissan,SUV
Nissan, Coupe
Lincoln, Convertible
Lincoln, Sedan
Mercedes-Benz,Convertible
Mercedes-Benz, Sedan
Nissan,Van
Nissan,Minivan
Mercedes-Benz,Coupe
Mercedes-Benz, Wagon
MINI,SUV
Nissan,Sedan
Nissan,Coupe
Mitsubishi,Hatchback
Porsche,Sedan
Porsche,Convertible
Porsche,SUV
Ram,Pickup
Subaru,Coupe
Toyota,Sedan
Subaru,Sedan
Subaru,Wagon
Subaru, Sedan
Subaru,SUV
Toyota,Hatchback
Toyota,Coupe
Toyota,SUV
Toyota,Pickup
Toyota,Van
Toyota,Minivan
Toyota, Coupe
Volkswagen,Sedan
Volvo,SUV
Acura,Coupe
Acura, Convertible
Alfa Romeo,Convertible
Volkswagen,SUV
Volvo,SUV1992
BMW,Convertible
BMW, Sedan
BMW,Coupe
BMW, Convertible
Audi,Convertible
Audi, Sedan
Audi,Wagon
Alfa Romeo,SUV
Alfa Romeo,Sedan
BMW, Wagon
BMW, Coupe
BMW,Hatchback
Buick,Sedan
Buick,Wagon
Buick,Convertible
Chevrolet, Hatchback
Cadillac,Coupe
Cadillac, Hatchback
Chevrolet,Van
Dodge,Coupe
Dodge, Convertible
FIAT,Hatchback
FIAT,Minivan
FIAT, Wagon
Dodge,Van
Chrysler,Sedan
FIAT,Convertible
FIAT, Coupe
FIAT,SUV
FIAT, Sedan
Ford,Hatchback
Ford,Van
GMC,Minivan
GMC, Sedan
Freightliner,Van
Freightliner, Convertible
Honda,Coupe
Honda, Convertible
Jaguar,Sedan
Jaguar,Wagon
Jaguar, Convertible
Jaguar,Coupe
Maserati,SUV
MAZDA,Convertible
Maserati,Sedan
Mercedes-Benz, Convertible
Mercedes-Benz, Hatchback
Mercedes-Benz,Minivan
Mercedes-Benz,Van
MINI,Convertible
MINI, Convertible
MINI,Hatchback
Nissan,Pickup
Nissan, Wagon
Nissan,Hatchback
Nissan, Convertible
Porsche,Coupe
Porsche,Minivan
Ram,Van
Ram, Wagon
Tesla,SUV
Tesla,Sedan
Volkswagen,Wagon
Volkswagen,Hatchback
Volkswagen, Coupe
Volkswagen,Convertible
Volkswagen, Sedan
Volvo,Sedan
Volvo,Wagon
Volvo,SUV2020
Volvo, Coupe
Volvo, Convertible
Aston Martin,Convertible
Aston Martin, Convertible
Aston Martin, Sedan
Alfa Romeo,Coupe
Aston Martin,Coupe
Bentley,SUV
Bentley, Sedan
Bentley, Coupe
Bentley,Sedan
Bentley,Convertible
Bentley, Convertible
Ferrari,Hatchback
Ferrari,Coupe
Ferrari,Convertible
Ford,Wagon
Ford, Hatchback
Ford, Coupe
Ford,Convertible
Ford,Minivan
GMC,Van
GMC, Hatchback
Honda, Wagon
Jaguar, Coupe
Kia,Hatchback
Lamborghini,Coupe
Lamborghini,Convertible
Lotus,Coupe
McLaren,Coupe
Maserati,Coupe
McLaren, Convertible
Mercedes-Benz, Coupe
